{
  "hash": "d521e2f1",
  "configHash": "5afe348e",
  "lockfileHash": "311b1a1a",
  "browserHash": "7bcdb9fe",
  "optimized": {
    "@angular/common": {
      "src": "../../../../../node_modules/@angular/common/fesm2022/common.mjs",
      "file": "@angular_common.js",
      "fileHash": "0fbce6d8",
      "needsInterop": false
    },
    "@angular/core": {
      "src": "../../../../../node_modules/@angular/core/fesm2022/core.mjs",
      "file": "@angular_core.js",
      "fileHash": "544bbec0",
      "needsInterop": false
    },
    "@angular/forms": {
      "src": "../../../../../node_modules/@angular/forms/fesm2022/forms.mjs",
      "file": "@angular_forms.js",
      "fileHash": "e9016207",
      "needsInterop": false
    },
    "@angular/platform-browser": {
      "src": "../../../../../node_modules/@angular/platform-browser/fesm2022/platform-browser.mjs",
      "file": "@angular_platform-browser.js",
      "fileHash": "e042e1a1",
      "needsInterop": false
    },
    "@angular/platform-browser/animations": {
      "src": "../../../../../node_modules/@angular/platform-browser/fesm2022/animations.mjs",
      "file": "@angular_platform-browser_animations.js",
      "fileHash": "87985992",
      "needsInterop": false
    },
    "@arction/lcjs": {
      "src": "../../../../../node_modules/@arction/lcjs/dist/lcjs.mjs",
      "file": "@arction_lcjs.js",
      "fileHash": "691790ef",
      "needsInterop": false
    },
    "rxjs": {
      "src": "../../../../../node_modules/rxjs/dist/esm5/index.js",
      "file": "rxjs.js",
      "fileHash": "1d854170",
      "needsInterop": false
    }
  },
  "chunks": {
    "chunk-BYF3253Y": {
      "file": "chunk-BYF3253Y.js"
    },
    "chunk-LZCN2ES2": {
      "file": "chunk-LZCN2ES2.js"
    },
    "chunk-KG6KPI4G": {
      "file": "chunk-KG6KPI4G.js"
    },
    "chunk-E5ECCKE6": {
      "file": "chunk-E5ECCKE6.js"
    },
    "chunk-TXDUYLVM": {
      "file": "chunk-TXDUYLVM.js"
    }
  }
}